xcp_total_mm,xcm_mm,static_margin_calibers,cd_total,apogee_m
840.4582560613247,464.17068062827224,4.951152308329638,0.35849043429924715,272.71407890478383
